ID,Email Address,Name,Password,Registration,Street,City,Postcode,User Type
0,John_Smith@mail.com,John Smith,Ks3Rru8943,JkL9132,Bifno Loop,Ranludeba,IP6349,Admin
1,Rachael_Wheeler4237@nimogy.biz,Rachael Wheeler,GNckcoMJ1,AbUysMI,Ugha Point,Heppozu,NR73304,Driver
2,Doris_White5670@supunk.biz,Doris White,hgg3DxI1t,8yClqKq,Holnaj River,Agesulvu,EX,Driver
3,Jessica_Lane441@yahoo.com,Jessica Lane,ySl4xSyIU,gGxr7x0,Ideciw Circle,Bebafzi,LI17798,Driver
4,Benjamin_Coates2045@zorer.org,Benjamin Coates,8q7Au9wWY,8qFoDBC,Uruifa River,Zivemdo,AB15028,Driver
5,Camden_Moore6965@tonsy.org,Camden Moore,1IoIGt7C0,Zxfznzu,Orifof Place,Tujbizda,TO81263,Driver
6,Livia_Yarwood6257@mafthy.com,Livia Yarwood,Vqwz7954S,AbFATdZ,Jehvov Key,Cacowvet,RE26085,Driver
7,Rachael_Lewin4715@hourpy.biz,Rachael Lewin,LNzbyCy1v,QvbmsQw,Ovsor Plaza,Omohekla,LO17276,Driver
8,Nicholas_Fleming1108@naiker.biz,Nicholas Fleming,QzKP1L1pW,OLX5uzb,Uzofo Key,Dadegese,PI96078,Driver
9,Sylvia_Driscoll2897@corti.com,Sylvia Driscoll,PodflbcZl,k1q81Ug,Welzud Ridge,Dozuvila,NR69401,Driver
10,Stephanie_Anderson4241@corti.com,Stephanie Anderson,dEt6tbON9,1z5zu5Q,Huero Street,Lafilbu,EX37935,Driver
11,Manuel_Rodgers598@nimogy.biz,Manuel Rodgers,TLGXlO4kE,FALiOI0,Pupli Plaza,Jojcosec,EX42036,Driver
12,Remy_Potter1588@supunk.biz,Remy Potter,L6KgutXUC,AiLUHyS,Fakjen Turnpike,Telluruw,RU12019,Driver
13,Noah_Martin9191@twace.org,Noah Martin,z4rzPYsYH,DXQcFno,Ejna Center,Nakudmud,WA27945,Driver
14,Matt_Garner9876@irrepsy.com,Matt Garner,6H2tRnSi4,cmAyubI,Wevi River,Sigepegoz,RU8273,Driver
15,Florence_Mann2764@deavo.com,Florence Mann,0HkbJkWVB,6GApIoe,Idwib Circle,Majwifkof,LO29609,Driver
16,George_Paterson1905@bungar.biz,George Paterson,onvw2NTSh,mffjJdH,Agiago Plaza,Kizajif,LO99181,Driver
17,Doug_Abbot793@naiker.biz,Doug Abbot,qzAbW3WwQ,Mspgng4,Nuewi Court,Peejetow,LO92961,Driver
18,Stella_Plant8546@acrit.org,Stella Plant,ccyzpirGN,2t1tmBl,Tawa Boulevard,Vesukka,TO32487,Driver
19,Jamie_Ballard6811@supunk.biz,Jamie Ballard,hZ1QMrx0V,W39YSpf,Foris Heights,Ninfuhod,NR37933,Driver
20,Julius_Lewis1583@gembat.biz,Julius Lewis,OhdLc2Vz4,GcY5EmY,Bocivo Grove,Daruduol,NR4194,Driver
21,Tyson_Butler6418@sveldo.biz,Tyson Butler,uLJpc5GMn,nF8MMGn,Itfe River,Gueswo,CO61832,Driver
22,Tony_James3882@bungar.biz,Tony James,SQ9sMvZKd,VQaxcAK,Alihoj Path,Koznukag,IP99277,Driver
23,Lillian_Nanton1743@infotech44.tech,Lillian Nanton,kPrxsNe31,4CwP6l6,Dergul Circle,Tegoreb,IP75018,Driver
24,Ronald_Davies2753@extex.org,Ronald Davies,2SXqKFpS6,CDURKex,Bangu Terrace,Hicpudec,EX18679,Driver
25,Enoch_Patel1456@irrepsy.com,Enoch Patel,Jk4Jd1Pb0,g6DLHE5,Vidoj Highway,Fukwinecu,PO71955,Driver
26,Melinda_Campbell931@guentu.biz,Melinda Campbell,yxi4uWBA5,soovNNu,Tuibo River,Aniruda,DE33578,Driver
27,Eden_Alldridge2688@sheye.org,Eden Alldridge,TvnIQnNUj,fffXQjM,Sewtek River,Nizvecvo,CA91302,Driver
28,Wendy_Campbell2631@kideod.biz,Wendy Campbell,3o7V3HE7H,cxh6tho,Fuwu Ridge,Vugofare,ED42754,Driver
29,Nathan_Lomax6473@liret.org,Nathan Lomax,MTDm0a5qF,gZddkdq,Kamew Terrace,Naninfog,TE75235,Driver
30,Rosalie_Forester1282@nimogy.biz,Rosalie Forester,bdOkO2HrO,YoU8wC2,Boile Manor,Darehti,NA54515,Driver
31,Sebastian_Walsh8691@guentu.biz,Sebastian Walsh,47z7AO9Px,xf1S9Yw,Jopag Loop,Rarecos,LI24267,Driver
32,Percy_Wright840@zorer.org,Percy Wright,LWfuWJzBn,yjnSpip,Renvu River,Famfozohe,NA7195,Driver
33,Iris_Robertson5832@zorer.org,Iris Robertson,js5UfwOBm,nSx6nqu,Dekjo Mill,Eguzeom,MA64133,Driver
34,Javier_Yang8494@guentu.biz,Javier Yang,gD6A5WVC2,VDIqlRK,Besod Street,Bameko,PE43733,Driver
35,Alan_Pope9445@dionrab.com,Alan Pope,jvuwu9nuX,fa7t8vD,Iggu Path,Letziwjo,LU29088,Driver
36,Denny_Horton3919@sveldo.biz,Denny Horton,w6QeW5zgK,YJw7Csw,Tiebe Parkway,Imateshef,NR5057,Driver
37,Daniel_Johnson8995@jiman.org,Daniel Johnson,w9YoAcdZH,fR3aGea,Dito Avenue,Cespolsu,LO47277,Driver
38,Rihanna_Willis6041@bulaffy.com,Rihanna Willis,TRHWxiXrT,YdwHJSr,Ligze Highway,Copjehwam,LO35331,Driver
39,Gil_Clifford218@jiman.org,Gil Clifford,agk7mTtr2,AbbzARo,Vebu Pass,Tolebasom,HE59273,Driver
